,department,percentage_leave
7,IT,0.3089887640449438
9,Logistics,0.30833333333333335
15,Retail,0.3056456846203764
11,Marketing,0.3029925187032419
19,Support,0.28843537414965986
3,Engineering,0.28825857519788917
13,Operations,0.2864651773981603
17,Sales,0.2851832182687201
1,Admin,0.28132387706855794
5,Finance,0.26865671641791045
